point_time,value
2026-07-19 01:25:00+00:00,991.2
2026-07-19 01:30:00+00:00,0.0
2026-07-19 01:35:00+00:00,991.7
2026-07-19 01:40:00+00:00,989.4
2026-07-19 01:45:00+00:00,991.6
2026-07-19 01:50:00+00:00,997.8
2026-07-19 01:55:00+00:00,997.9
2026-07-19 02:00:00+00:00,1000.4
2026-07-19 02:05:00+00:00,977.8
2026-07-19 02:10:00+00:00,1001.7
2026-07-19 02:15:00+00:00,1016.3
2026-07-19 02:20:00+00:00,1010.5
2026-07-19 02:25:00+00:00,1004.2
2026-07-19 02:30:00+00:00,1010.2
2026-07-19 02:35:00+00:00,1002.2
2026-07-19 02:40:00+00:00,1014.4
2026-07-19 02:45:00+00:00,991.2
2026-07-19 02:50:00+00:00,1015.6
2026-07-19 02:55:00+00:00,1016.3
2026-07-19 03:00:00+00:00,1001.9
2026-07-19 03:05:00+00:00,998.4
2026-07-19 03:10:00+00:00,1000.9
2026-07-19 03:15:00+00:00,990.7
2026-07-19 03:20:00+00:00,983.8
2026-07-19 03:25:00+00:00,987.1
2026-07-19 03:30:00+00:00,982.1
2026-07-19 03:35:00+00:00,979.8
2026-07-19 03:40:00+00:00,981.1
2026-07-19 03:45:00+00:00,983.2
2026-07-19 03:50:00+00:00,932.8
2026-07-19 03:55:00+00:00,917.4
2026-07-19 04:00:00+00:00,995.7
2026-07-19 04:05:00+00:00,997.8
2026-07-19 04:10:00+00:00,1001.0
2026-07-19 04:15:00+00:00,995.7
2026-07-19 04:20:00+00:00,1008.9
2026-07-19 04:25:00+00:00,1022.3
2026-07-19 04:30:00+00:00,993.8
2026-07-19 04:35:00+00:00,1011.5
2026-07-19 04:40:00+00:00,966.7
2026-07-19 04:45:00+00:00,1016.7
2026-07-19 04:50:00+00:00,989.8
2026-07-19 04:55:00+00:00,991.4
2026-07-19 05:00:00+00:00,986.4
2026-07-19 05:05:00+00:00,1006.8
2026-07-19 05:10:00+00:00,1005.4
2026-07-19 05:15:00+00:00,980.9
2026-07-19 05:20:00+00:00,981.5
2026-07-19 05:25:00+00:00,1010.6
2026-07-19 05:30:00+00:00,1001.1
2026-07-19 05:35:00+00:00,1002.8
2026-07-19 05:40:00+00:00,1000.7
2026-07-19 05:45:00+00:00,979.2
2026-07-19 05:50:00+00:00,742.9
2026-07-19 05:55:00+00:00,979.8
2026-07-19 06:00:00+00:00,981.8
2026-07-19 06:05:00+00:00,985.4
2026-07-19 06:10:00+00:00,977.8
2026-07-19 06:15:00+00:00,974.2
2026-07-19 06:20:00+00:00,966.6
2026-07-19 06:25:00+00:00,965.2
2026-07-19 06:30:00+00:00,975.3
2026-07-19 06:35:00+00:00,973.8
2026-07-19 06:40:00+00:00,974.9
2026-07-19 06:45:00+00:00,995.0
2026-07-19 06:50:00+00:00,973.6
2026-07-19 06:55:00+00:00,974.1
2026-07-19 07:00:00+00:00,973.3
2026-07-19 07:05:00+00:00,973.3
2026-07-19 07:10:00+00:00,972.6
2026-07-19 07:15:00+00:00,969.6
2026-07-19 07:20:00+00:00,1001.7
2026-07-19 07:25:00+00:00,1001.4
2026-07-19 07:30:00+00:00,993.6
2026-07-19 07:35:00+00:00,1003.1
2026-07-19 07:40:00+00:00,1000.1
2026-07-19 07:45:00+00:00,1006.0
2026-07-19 07:50:00+00:00,991.8
2026-07-19 07:55:00+00:00,991.6
2026-07-19 08:00:00+00:00,1023.3
2026-07-19 08:05:00+00:00,1023.4
2026-07-19 08:10:00+00:00,1013.1
2026-07-19 08:15:00+00:00,1015.9
2026-07-19 08:20:00+00:00,1009.6
2026-07-19 08:25:00+00:00,1008.5
2026-07-19 08:30:00+00:00,1007.4
2026-07-19 08:35:00+00:00,1007.0
2026-07-19 08:40:00+00:00,1008.4
2026-07-19 08:45:00+00:00,1009.6
2026-07-19 08:50:00+00:00,1001.4
2026-07-19 08:55:00+00:00,1001.4
2026-07-19 09:00:00+00:00,1003.6
2026-07-19 09:05:00+00:00,1004.7
2026-07-19 09:10:00+00:00,1003.0
2026-07-19 09:15:00+00:00,1001.2
2026-07-19 09:20:00+00:00,1001.3
2026-07-19 09:25:00+00:00,1003.0
2026-07-19 09:30:00+00:00,1003.1
2026-07-19 09:35:00+00:00,1004.8
2026-07-19 09:40:00+00:00,1006.8
2026-07-19 09:45:00+00:00,1009.4
2026-07-19 09:50:00+00:00,1017.8
2026-07-19 09:55:00+00:00,1016.0
2026-07-19 10:00:00+00:00,1009.0
2026-07-19 10:05:00+00:00,1008.1
2026-07-19 10:10:00+00:00,1004.4
2026-07-19 10:15:00+00:00,1005.4
2026-07-19 10:20:00+00:00,967.5
2026-07-19 10:25:00+00:00,967.5
2026-07-19 10:30:00+00:00,991.7
2026-07-19 10:35:00+00:00,991.2
2026-07-19 10:40:00+00:00,993.9
2026-07-19 10:45:00+00:00,996.4
2026-07-19 10:50:00+00:00,999.8
2026-07-19 10:55:00+00:00,999.3
2026-07-19 11:00:00+00:00,999.7
2026-07-19 11:05:00+00:00,1002.2
2026-07-19 11:10:00+00:00,1036.6
2026-07-19 11:15:00+00:00,1038.4
2026-07-19 11:20:00+00:00,1039.5
2026-07-19 11:25:00+00:00,1044.5
2026-07-19 11:30:00+00:00,1029.2
2026-07-19 11:35:00+00:00,1033.9
2026-07-19 11:40:00+00:00,1023.4
2026-07-19 11:45:00+00:00,1024.6
2026-07-19 11:50:00+00:00,1045.3
2026-07-19 11:55:00+00:00,1048.9
2026-07-19 12:00:00+00:00,1061.2
2026-07-19 12:05:00+00:00,1061.6
2026-07-19 12:10:00+00:00,1068.7
2026-07-19 12:15:00+00:00,1067.1
2026-07-19 12:20:00+00:00,1066.1
2026-07-19 12:25:00+00:00,1067.1
2026-07-19 12:30:00+00:00,1072.0
2026-07-19 12:35:00+00:00,1070.6
2026-07-19 12:40:00+00:00,1058.2
2026-07-19 12:45:00+00:00,1057.1
2026-07-19 12:50:00+00:00,1065.0
2026-07-19 12:55:00+00:00,1063.3
2026-07-19 13:00:00+00:00,1060.5
2026-07-19 13:05:00+00:00,1060.0
2026-07-19 13:10:00+00:00,1057.8
2026-07-19 13:15:00+00:00,1056.9
2026-07-19 13:20:00+00:00,1053.2
2026-07-19 13:25:00+00:00,1054.4
2026-07-19 13:30:00+00:00,1051.7
2026-07-19 13:35:00+00:00,1050.9
2026-07-19 13:40:00+00:00,1055.4
2026-07-19 13:45:00+00:00,1060.5
2026-07-19 13:50:00+00:00,1054.2
2026-07-19 13:55:00+00:00,1054.8
2026-07-19 14:00:00+00:00,1021.8
2026-07-19 14:05:00+00:00,1024.2
2026-07-19 14:10:00+00:00,1009.5
2026-07-19 14:15:00+00:00,1002.6
2026-07-19 14:20:00+00:00,1004.3
2026-07-19 14:25:00+00:00,999.4
2026-07-19 14:30:00+00:00,1003.3
2026-07-19 14:35:00+00:00,1008.1
2026-07-19 14:40:00+00:00,997.3
2026-07-19 14:45:00+00:00,995.1
2026-07-19 14:50:00+00:00,1019.6
2026-07-19 14:55:00+00:00,975.7
2026-07-19 15:00:00+00:00,994.3
2026-07-19 15:05:00+00:00,997.6
2026-07-19 15:10:00+00:00,1005.9
2026-07-19 15:15:00+00:00,1008.1
2026-07-19 15:20:00+00:00,1020.2
2026-07-19 15:25:00+00:00,1010.7
2026-07-19 15:30:00+00:00,1002.6
2026-07-19 15:35:00+00:00,1028.8
2026-07-19 15:40:00+00:00,1001.1
2026-07-19 15:45:00+00:00,984.4
2026-07-19 15:50:00+00:00,1004.2
2026-07-19 15:55:00+00:00,990.1
2026-07-19 16:00:00+00:00,1023.3
2026-07-19 16:05:00+00:00,1023.1
2026-07-19 16:10:00+00:00,1026.8
2026-07-19 16:15:00+00:00,1008.0
2026-07-19 16:20:00+00:00,1027.0
2026-07-19 16:25:00+00:00,1027.3
2026-07-19 16:30:00+00:00,1043.3
2026-07-19 16:35:00+00:00,1031.6
2026-07-19 16:40:00+00:00,1018.8
2026-07-19 16:45:00+00:00,1009.0
2026-07-19 16:50:00+00:00,1021.3
2026-07-19 16:55:00+00:00,1006.9
2026-07-19 17:00:00+00:00,1004.0
2026-07-19 17:05:00+00:00,1035.0
2026-07-19 17:10:00+00:00,1030.9
2026-07-19 17:15:00+00:00,0.0
2026-07-19 17:20:00+00:00,0.0
2026-07-19 17:25:00+00:00,0.0
2026-07-19 17:30:00+00:00,1033.1
2026-07-19 17:35:00+00:00,1032.7
2026-07-19 17:40:00+00:00,1035.2
2026-07-19 17:45:00+00:00,1027.7
2026-07-19 17:50:00+00:00,1033.5
2026-07-19 17:55:00+00:00,1036.3
2026-07-19 18:00:00+00:00,1033.9
2026-07-19 18:05:00+00:00,1023.3
2026-07-19 18:10:00+00:00,974.3
2026-07-19 18:15:00+00:00,0.0
2026-07-19 18:20:00+00:00,0.0
2026-07-19 18:25:00+00:00,0.0
2026-07-19 18:30:00+00:00,975.1
2026-07-19 18:35:00+00:00,969.7
2026-07-19 18:40:00+00:00,961.3
2026-07-19 18:45:00+00:00,961.5
2026-07-19 18:50:00+00:00,980.4
2026-07-19 18:55:00+00:00,975.7
2026-07-19 19:00:00+00:00,966.4
2026-07-19 19:05:00+00:00,974.9
2026-07-19 19:10:00+00:00,964.7
2026-07-19 19:15:00+00:00,964.3
2026-07-19 19:20:00+00:00,968.7
2026-07-19 19:25:00+00:00,963.6
2026-07-19 19:30:00+00:00,969.1
2026-07-19 19:35:00+00:00,990.5
2026-07-19 19:40:00+00:00,971.9
2026-07-19 19:45:00+00:00,969.7
2026-07-19 19:50:00+00:00,972.4
2026-07-19 19:55:00+00:00,986.9
2026-07-19 20:00:00+00:00,964.1
2026-07-19 20:05:00+00:00,959.7
2026-07-19 20:10:00+00:00,972.8
2026-07-19 20:15:00+00:00,973.3
2026-07-19 20:20:00+00:00,986.3
2026-07-19 20:25:00+00:00,989.4
2026-07-19 20:30:00+00:00,984.0
2026-07-19 20:35:00+00:00,991.1
2026-07-19 20:40:00+00:00,988.5
2026-07-19 20:45:00+00:00,974.5
2026-07-19 20:50:00+00:00,976.8
2026-07-19 20:55:00+00:00,990.9
2026-07-19 21:00:00+00:00,976.5
2026-07-19 21:05:00+00:00,979.8
2026-07-19 21:10:00+00:00,967.4
2026-07-19 21:15:00+00:00,978.3
2026-07-19 21:20:00+00:00,961.0
2026-07-19 21:25:00+00:00,979.8
2026-07-19 21:30:00+00:00,986.8
2026-07-19 21:35:00+00:00,979.8
2026-07-19 21:40:00+00:00,973.1
2026-07-19 21:45:00+00:00,967.8
2026-07-19 21:50:00+00:00,985.1
2026-07-19 21:55:00+00:00,974.5
2026-07-19 22:00:00+00:00,0.0
2026-07-19 22:05:00+00:00,961.9
2026-07-19 22:10:00+00:00,973.4
2026-07-19 22:15:00+00:00,971.1
2026-07-19 22:20:00+00:00,981.8
2026-07-19 22:25:00+00:00,981.0
2026-07-19 22:30:00+00:00,984.3
2026-07-19 22:35:00+00:00,988.9
2026-07-19 22:40:00+00:00,981.0
2026-07-19 22:45:00+00:00,979.2
2026-07-19 22:50:00+00:00,979.3
2026-07-19 22:55:00+00:00,972.2
2026-07-19 23:00:00+00:00,960.9
2026-07-19 23:05:00+00:00,991.5
2026-07-19 23:10:00+00:00,986.6
2026-07-19 23:15:00+00:00,972.8
2026-07-19 23:20:00+00:00,1006.6
2026-07-19 23:25:00+00:00,1006.1
2026-07-19 23:30:00+00:00,1004.9
2026-07-19 23:35:00+00:00,990.7
2026-07-19 23:40:00+00:00,991.2
2026-07-19 23:45:00+00:00,0.0
2026-07-19 23:50:00+00:00,962.2
2026-07-19 23:55:00+00:00,974.8
2026-07-20 00:00:00+00:00,1015.3
2026-07-20 00:05:00+00:00,1010.8
2026-07-20 00:10:00+00:00,984.6
2026-07-20 00:15:00+00:00,985.5
2026-07-20 00:20:00+00:00,981.8
2026-07-20 00:25:00+00:00,988.6
2026-07-20 00:30:00+00:00,0.0
2026-07-20 00:35:00+00:00,0.0
2026-07-20 00:40:00+00:00,0.0
2026-07-20 00:45:00+00:00,927.1
2026-07-20 00:50:00+00:00,935.5
2026-07-20 00:55:00+00:00,949.4
2026-07-20 01:00:00+00:00,936.6
2026-07-20 01:05:00+00:00,932.3
2026-07-20 01:10:00+00:00,920.6
2026-07-20 01:15:00+00:00,920.7
2026-07-20 01:20:00+00:00,902.4
2026-07-20 01:25:00+00:00,904.2
2026-07-20 01:30:00+00:00,937.6
2026-07-20 01:35:00+00:00,948.2
2026-07-20 01:40:00+00:00,971.9
2026-07-20 01:45:00+00:00,968.4
2026-07-20 01:50:00+00:00,949.5
2026-07-20 01:55:00+00:00,950.3
2026-07-20 02:00:00+00:00,958.1
2026-07-20 02:05:00+00:00,955.6
2026-07-20 02:10:00+00:00,953.9
2026-07-20 02:15:00+00:00,951.0
2026-07-20 02:20:00+00:00,922.9
2026-07-20 02:25:00+00:00,922.9
2026-07-20 02:30:00+00:00,923.3
2026-07-20 02:35:00+00:00,923.0
2026-07-20 02:40:00+00:00,904.3
2026-07-20 02:45:00+00:00,904.6
2026-07-20 02:50:00+00:00,923.0
2026-07-20 02:55:00+00:00,924.7
2026-07-20 03:00:00+00:00,951.2
2026-07-20 03:05:00+00:00,911.7
2026-07-20 03:10:00+00:00,911.1
2026-07-20 03:15:00+00:00,911.2
2026-07-20 03:20:00+00:00,949.3
2026-07-20 03:25:00+00:00,949.4
2026-07-20 03:30:00+00:00,945.8
2026-07-20 03:35:00+00:00,942.3
2026-07-20 03:40:00+00:00,942.7
2026-07-20 03:45:00+00:00,942.8
2026-07-20 03:50:00+00:00,942.6
2026-07-20 03:55:00+00:00,949.3
2026-07-20 04:00:00+00:00,910.3
2026-07-20 04:05:00+00:00,918.0
2026-07-20 04:10:00+00:00,926.5
2026-07-20 04:15:00+00:00,926.3
2026-07-20 04:20:00+00:00,917.6
2026-07-20 04:25:00+00:00,917.5
2026-07-20 04:30:00+00:00,900.6
2026-07-20 04:35:00+00:00,904.9
2026-07-20 04:40:00+00:00,906.6
2026-07-20 04:45:00+00:00,906.6
2026-07-20 04:50:00+00:00,906.5
2026-07-20 04:55:00+00:00,911.5
2026-07-20 05:00:00+00:00,914.7
2026-07-20 05:05:00+00:00,914.5
2026-07-20 05:10:00+00:00,914.7
2026-07-20 05:15:00+00:00,914.9
2026-07-20 05:20:00+00:00,915.6
2026-07-20 05:25:00+00:00,909.8
2026-07-20 05:30:00+00:00,909.0
2026-07-20 05:35:00+00:00,908.9
2026-07-20 05:40:00+00:00,909.0
2026-07-20 05:45:00+00:00,909.0
2026-07-20 05:50:00+00:00,909.8
2026-07-20 05:55:00+00:00,909.9
2026-07-20 06:00:00+00:00,918.4
2026-07-20 06:05:00+00:00,918.8
2026-07-20 06:10:00+00:00,909.3
2026-07-20 06:15:00+00:00,996.9
2026-07-20 06:20:00+00:00,909.1
2026-07-20 06:25:00+00:00,905.7
2026-07-20 06:30:00+00:00,889.2
2026-07-20 06:35:00+00:00,884.9
2026-07-20 06:40:00+00:00,886.1
2026-07-20 06:45:00+00:00,883.5
2026-07-20 06:50:00+00:00,881.7
2026-07-20 06:55:00+00:00,884.6
2026-07-20 07:00:00+00:00,886.4
2026-07-20 07:05:00+00:00,882.6
2026-07-20 07:10:00+00:00,878.4
2026-07-20 07:15:00+00:00,876.9
2026-07-20 07:20:00+00:00,876.6
2026-07-20 07:25:00+00:00,876.7
2026-07-20 07:30:00+00:00,897.7
2026-07-20 07:35:00+00:00,897.6
2026-07-20 07:40:00+00:00,897.5
2026-07-20 07:45:00+00:00,884.3
2026-07-20 07:50:00+00:00,880.9
2026-07-20 07:55:00+00:00,858.1
2026-07-20 08:00:00+00:00,862.4
2026-07-20 08:05:00+00:00,865.3
2026-07-20 08:10:00+00:00,878.9
2026-07-20 08:15:00+00:00,979.6
2026-07-20 08:20:00+00:00,997.5
2026-07-20 08:25:00+00:00,992.5
2026-07-20 08:30:00+00:00,980.5
2026-07-20 08:35:00+00:00,997.1
2026-07-20 08:40:00+00:00,964.7
2026-07-20 08:45:00+00:00,948.7
2026-07-20 08:50:00+00:00,948.6
2026-07-20 08:55:00+00:00,928.0
2026-07-20 09:00:00+00:00,979.6
2026-07-20 09:05:00+00:00,981.2
2026-07-20 09:10:00+00:00,980.9
2026-07-20 09:15:00+00:00,982.8
2026-07-20 09:20:00+00:00,987.4
2026-07-20 09:25:00+00:00,988.1
2026-07-20 09:30:00+00:00,999.8
2026-07-20 09:35:00+00:00,1001.6
2026-07-20 09:40:00+00:00,1001.5
2026-07-20 09:45:00+00:00,1003.8
2026-07-20 09:50:00+00:00,1001.4
2026-07-20 09:55:00+00:00,1001.7
2026-07-20 10:00:00+00:00,994.2
2026-07-20 10:05:00+00:00,986.2
2026-07-20 10:10:00+00:00,991.2
2026-07-20 10:15:00+00:00,964.5
2026-07-20 10:20:00+00:00,957.0
2026-07-20 10:25:00+00:00,956.6
2026-07-20 10:30:00+00:00,975.6
2026-07-20 10:35:00+00:00,975.5
2026-07-20 10:40:00+00:00,975.7
2026-07-20 10:45:00+00:00,973.7
2026-07-20 10:50:00+00:00,959.8
2026-07-20 10:55:00+00:00,971.3
2026-07-20 11:00:00+00:00,973.2
2026-07-20 11:05:00+00:00,973.7
2026-07-20 11:10:00+00:00,972.6
2026-07-20 11:15:00+00:00,972.3
2026-07-20 11:20:00+00:00,971.2
2026-07-20 11:25:00+00:00,991.1
2026-07-20 11:30:00+00:00,993.2
2026-07-20 11:35:00+00:00,993.5
2026-07-20 11:40:00+00:00,996.3
2026-07-20 11:45:00+00:00,998.6
2026-07-20 11:50:00+00:00,998.7
2026-07-20 11:55:00+00:00,1024.7
2026-07-20 12:00:00+00:00,1018.1
2026-07-20 12:05:00+00:00,1021.4
2026-07-20 12:10:00+00:00,1020.9
2026-07-20 12:15:00+00:00,995.9
2026-07-20 12:20:00+00:00,1002.1
2026-07-20 12:25:00+00:00,1004.7
2026-07-20 12:30:00+00:00,1011.9
2026-07-20 12:35:00+00:00,1010.1
2026-07-20 12:40:00+00:00,1008.8
2026-07-20 12:45:00+00:00,1014.2
2026-07-20 12:50:00+00:00,1014.2
2026-07-20 12:55:00+00:00,1010.7
2026-07-20 13:00:00+00:00,1013.4
2026-07-20 13:05:00+00:00,1012.3
2026-07-20 13:10:00+00:00,1013.6
2026-07-20 13:15:00+00:00,1017.8
2026-07-20 13:20:00+00:00,1004.9
2026-07-20 13:25:00+00:00,1003.9
2026-07-20 13:30:00+00:00,1002.1
2026-07-20 13:35:00+00:00,1001.7
2026-07-20 13:40:00+00:00,1016.3
2026-07-20 13:45:00+00:00,1016.8
2026-07-20 13:50:00+00:00,1017.5
2026-07-20 13:55:00+00:00,1019.8
2026-07-20 14:00:00+00:00,1023.9
2026-07-20 14:05:00+00:00,1021.8
2026-07-20 14:10:00+00:00,1038.5
2026-07-20 14:15:00+00:00,1035.6
2026-07-20 14:20:00+00:00,1028.6
2026-07-20 14:25:00+00:00,1019.8
2026-07-20 14:30:00+00:00,998.2
2026-07-20 14:35:00+00:00,997.2
2026-07-20 14:40:00+00:00,991.5
2026-07-20 14:45:00+00:00,991.8
2026-07-20 14:50:00+00:00,997.9
2026-07-20 14:55:00+00:00,996.8
2026-07-20 15:00:00+00:00,1002.1
2026-07-20 15:05:00+00:00,1007.3
2026-07-20 15:10:00+00:00,1006.5
2026-07-20 15:15:00+00:00,1005.5
2026-07-20 15:20:00+00:00,1012.5
2026-07-20 15:25:00+00:00,1017.3
2026-07-20 15:30:00+00:00,1016.5
2026-07-20 15:35:00+00:00,1016.5
2026-07-20 15:40:00+00:00,1020.2
2026-07-20 15:45:00+00:00,1022.7
2026-07-20 15:50:00+00:00,1018.0
2026-07-20 15:55:00+00:00,1014.9
2026-07-20 16:00:00+00:00,1017.0
2026-07-20 16:05:00+00:00,1014.5
2026-07-20 16:10:00+00:00,989.6
2026-07-20 16:15:00+00:00,993.9
2026-07-20 16:20:00+00:00,987.7
2026-07-20 16:25:00+00:00,989.2
2026-07-20 16:30:00+00:00,1004.7
2026-07-20 16:35:00+00:00,1005.3
2026-07-20 16:40:00+00:00,1007.8
2026-07-20 16:45:00+00:00,1005.4
2026-07-20 16:50:00+00:00,1009.9
2026-07-20 16:55:00+00:00,1009.1
2026-07-20 17:00:00+00:00,1016.1
2026-07-20 17:05:00+00:00,1006.9
2026-07-20 17:10:00+00:00,1012.9
2026-07-20 17:15:00+00:00,1003.4
2026-07-20 17:20:00+00:00,0.0
2026-07-20 17:25:00+00:00,0.0
2026-07-20 17:30:00+00:00,0.0
2026-07-20 17:35:00+00:00,0.0
2026-07-20 17:40:00+00:00,0.0
2026-07-20 17:45:00+00:00,0.0
2026-07-20 17:50:00+00:00,0.0
2026-07-20 17:55:00+00:00,0.0
2026-07-20 18:00:00+00:00,0.0
2026-07-20 18:05:00+00:00,0.0
2026-07-20 18:10:00+00:00,967.3
2026-07-20 18:15:00+00:00,0.0
2026-07-20 18:20:00+00:00,974.2
2026-07-20 18:25:00+00:00,974.1
2026-07-20 18:30:00+00:00,972.5
2026-07-20 18:35:00+00:00,976.8
2026-07-20 18:40:00+00:00,0.0
2026-07-20 18:45:00+00:00,0.0
2026-07-20 18:50:00+00:00,0.0
2026-07-20 18:55:00+00:00,984.4
2026-07-20 19:00:00+00:00,0.0
2026-07-20 19:05:00+00:00,0.0
2026-07-20 19:10:00+00:00,0.0
2026-07-20 19:15:00+00:00,0.0
2026-07-20 19:20:00+00:00,987.7
2026-07-20 19:25:00+00:00,0.0
2026-07-20 19:30:00+00:00,988.0
2026-07-20 19:35:00+00:00,988.2
2026-07-20 19:40:00+00:00,987.8
2026-07-20 19:45:00+00:00,0.0
2026-07-20 19:50:00+00:00,0.0
2026-07-20 19:55:00+00:00,0.0
2026-07-20 20:00:00+00:00,0.0
2026-07-20 20:05:00+00:00,0.0
2026-07-20 20:10:00+00:00,0.0
2026-07-20 20:15:00+00:00,0.0
2026-07-20 20:20:00+00:00,0.0
2026-07-20 20:25:00+00:00,1008.3
2026-07-20 20:30:00+00:00,0.0
2026-07-20 20:35:00+00:00,0.0
2026-07-20 20:40:00+00:00,0.0
2026-07-20 20:45:00+00:00,0.0
2026-07-20 20:50:00+00:00,0.0
2026-07-20 20:55:00+00:00,0.0
2026-07-20 21:00:00+00:00,0.0
2026-07-20 21:05:00+00:00,0.0
2026-07-20 21:10:00+00:00,0.0
2026-07-20 21:15:00+00:00,0.0
2026-07-20 21:20:00+00:00,0.0
2026-07-20 21:25:00+00:00,0.0
2026-07-20 21:30:00+00:00,0.0
2026-07-20 21:35:00+00:00,0.0
2026-07-20 21:40:00+00:00,0.0
2026-07-20 21:45:00+00:00,0.0
2026-07-20 21:50:00+00:00,987.1
2026-07-20 21:55:00+00:00,993.0
2026-07-20 22:00:00+00:00,988.6
2026-07-20 22:05:00+00:00,989.2
2026-07-20 22:10:00+00:00,1001.1
2026-07-20 22:15:00+00:00,995.1
2026-07-20 22:20:00+00:00,992.6
2026-07-20 22:25:00+00:00,992.8
2026-07-20 22:30:00+00:00,994.6
2026-07-20 22:35:00+00:00,995.3
2026-07-20 22:40:00+00:00,992.9
2026-07-20 22:45:00+00:00,992.8
2026-07-20 22:50:00+00:00,1024.8
2026-07-20 22:55:00+00:00,1016.0
2026-07-20 23:00:00+00:00,1002.1
2026-07-20 23:05:00+00:00,1017.4
2026-07-20 23:10:00+00:00,1031.3
2026-07-20 23:15:00+00:00,0.0
2026-07-20 23:20:00+00:00,0.0
2026-07-20 23:25:00+00:00,0.0
2026-07-20 23:30:00+00:00,1028.7
2026-07-20 23:35:00+00:00,1031.8
2026-07-20 23:40:00+00:00,1034.7
2026-07-20 23:45:00+00:00,1031.3
2026-07-20 23:50:00+00:00,1021.5
2026-07-20 23:55:00+00:00,1011.5
2026-07-21 00:00:00+00:00,929.0
2026-07-21 00:05:00+00:00,928.9
2026-07-21 00:10:00+00:00,929.1
2026-07-21 00:15:00+00:00,929.3
2026-07-21 00:20:00+00:00,937.2
2026-07-21 00:25:00+00:00,936.6
2026-07-21 00:30:00+00:00,945.6
2026-07-21 00:35:00+00:00,947.8
2026-07-21 00:40:00+00:00,949.9
2026-07-21 00:45:00+00:00,948.8
2026-07-21 00:50:00+00:00,958.2
2026-07-21 00:55:00+00:00,0.0
2026-07-21 01:00:00+00:00,935.9
2026-07-21 01:05:00+00:00,935.9
2026-07-21 01:10:00+00:00,929.3
2026-07-21 01:15:00+00:00,929.3
2026-07-21 01:20:00+00:00,935.8
2026-07-21 01:25:00+00:00,941.3
2026-07-21 01:30:00+00:00,939.1
2026-07-21 01:35:00+00:00,946.3
2026-07-21 01:40:00+00:00,946.3
2026-07-21 01:45:00+00:00,950.3
2026-07-21 01:50:00+00:00,952.6
2026-07-21 01:55:00+00:00,952.6
2026-07-21 02:00:00+00:00,947.4
2026-07-21 02:05:00+00:00,947.2
2026-07-21 02:10:00+00:00,947.2
2026-07-21 02:15:00+00:00,943.4
2026-07-21 02:20:00+00:00,948.0
2026-07-21 02:25:00+00:00,947.9
2026-07-21 02:30:00+00:00,950.9
2026-07-21 02:35:00+00:00,950.9
2026-07-21 02:40:00+00:00,952.7
2026-07-21 02:45:00+00:00,952.7
2026-07-21 02:50:00+00:00,947.8
2026-07-21 02:55:00+00:00,939.1
2026-07-21 03:00:00+00:00,939.4
2026-07-21 03:05:00+00:00,914.4
2026-07-21 03:10:00+00:00,928.5
2026-07-21 03:15:00+00:00,928.5
2026-07-21 03:20:00+00:00,914.0
2026-07-21 03:25:00+00:00,926.6
2026-07-21 03:30:00+00:00,928.4
2026-07-21 03:35:00+00:00,928.3
2026-07-21 03:40:00+00:00,928.4
2026-07-21 03:45:00+00:00,928.3
2026-07-21 03:50:00+00:00,928.5
2026-07-21 03:55:00+00:00,928.6
2026-07-21 04:00:00+00:00,928.5
2026-07-21 04:05:00+00:00,928.8
2026-07-21 04:10:00+00:00,933.7
2026-07-21 04:15:00+00:00,928.0
2026-07-21 04:20:00+00:00,928.7
2026-07-21 04:25:00+00:00,928.5
2026-07-21 04:30:00+00:00,923.9
2026-07-21 04:35:00+00:00,925.8
2026-07-21 04:40:00+00:00,918.1
2026-07-21 04:45:00+00:00,925.6
2026-07-21 04:50:00+00:00,925.0
2026-07-21 04:55:00+00:00,925.0
2026-07-21 05:00:00+00:00,956.0
2026-07-21 05:05:00+00:00,955.8
2026-07-21 05:10:00+00:00,959.0
2026-07-21 05:15:00+00:00,946.8
2026-07-21 05:20:00+00:00,942.0
2026-07-21 05:25:00+00:00,942.1
2026-07-21 05:30:00+00:00,941.8
2026-07-21 05:35:00+00:00,942.0
2026-07-21 05:40:00+00:00,941.1
2026-07-21 05:45:00+00:00,939.1
2026-07-21 05:50:00+00:00,905.4
2026-07-21 05:55:00+00:00,892.9
2026-07-21 06:00:00+00:00,926.0
2026-07-21 06:05:00+00:00,940.1
2026-07-21 06:10:00+00:00,929.1
2026-07-21 06:15:00+00:00,923.6
2026-07-21 06:20:00+00:00,902.6
2026-07-21 06:25:00+00:00,902.3
2026-07-21 06:30:00+00:00,902.5
2026-07-21 06:35:00+00:00,899.1
2026-07-21 06:40:00+00:00,910.6
2026-07-21 06:45:00+00:00,918.3
2026-07-21 06:50:00+00:00,889.9
2026-07-21 06:55:00+00:00,893.0
2026-07-21 07:00:00+00:00,895.7
2026-07-21 07:05:00+00:00,902.9
2026-07-21 07:10:00+00:00,903.2
2026-07-21 07:15:00+00:00,902.8
2026-07-21 07:20:00+00:00,903.2
2026-07-21 07:25:00+00:00,903.2
2026-07-21 07:30:00+00:00,906.0
2026-07-21 07:35:00+00:00,905.5
2026-07-21 07:40:00+00:00,905.0
2026-07-21 07:45:00+00:00,905.5
2026-07-21 07:50:00+00:00,894.7
2026-07-21 07:55:00+00:00,894.6
2026-07-21 08:00:00+00:00,897.3
2026-07-21 08:05:00+00:00,897.2
2026-07-21 08:10:00+00:00,1012.5
2026-07-21 08:15:00+00:00,1012.4
2026-07-21 08:20:00+00:00,1011.1
2026-07-21 08:25:00+00:00,1011.1
2026-07-21 08:30:00+00:00,1010.6
2026-07-21 08:35:00+00:00,996.1
2026-07-21 08:40:00+00:00,994.9
2026-07-21 08:45:00+00:00,994.9
2026-07-21 08:50:00+00:00,990.3
2026-07-21 08:55:00+00:00,989.9
2026-07-21 09:00:00+00:00,985.3
2026-07-21 09:05:00+00:00,990.0
2026-07-21 09:10:00+00:00,989.7
2026-07-21 09:15:00+00:00,998.8
2026-07-21 09:20:00+00:00,1002.5
2026-07-21 09:25:00+00:00,1000.6
2026-07-21 09:30:00+00:00,991.7
2026-07-21 09:35:00+00:00,991.6
2026-07-21 09:40:00+00:00,992.2
2026-07-21 09:45:00+00:00,992.3
2026-07-21 09:50:00+00:00,991.3
2026-07-21 09:55:00+00:00,992.5
2026-07-21 10:00:00+00:00,994.6
2026-07-21 10:05:00+00:00,996.8
2026-07-21 10:10:00+00:00,996.0
2026-07-21 10:15:00+00:00,993.9
2026-07-21 10:20:00+00:00,993.6
2026-07-21 10:25:00+00:00,994.3
2026-07-21 10:30:00+00:00,996.8
2026-07-21 10:35:00+00:00,995.4
2026-07-21 10:40:00+00:00,998.7
2026-07-21 10:45:00+00:00,995.7
2026-07-21 10:50:00+00:00,998.5
2026-07-21 10:55:00+00:00,995.1
2026-07-21 11:00:00+00:00,995.1
2026-07-21 11:05:00+00:00,995.6
2026-07-21 11:10:00+00:00,995.3
2026-07-21 11:15:00+00:00,995.2
2026-07-21 11:20:00+00:00,995.1
2026-07-21 11:25:00+00:00,995.1
2026-07-21 11:30:00+00:00,996.2
2026-07-21 11:35:00+00:00,996.2
2026-07-21 11:40:00+00:00,996.2
2026-07-21 11:45:00+00:00,996.2
2026-07-21 11:50:00+00:00,997.8
2026-07-21 11:55:00+00:00,997.8
2026-07-21 12:00:00+00:00,998.2
2026-07-21 12:05:00+00:00,1004.2
2026-07-21 12:10:00+00:00,1006.3
2026-07-21 12:15:00+00:00,1012.0
2026-07-21 12:20:00+00:00,1011.8
2026-07-21 12:25:00+00:00,1014.9
2026-07-21 12:30:00+00:00,1025.3
2026-07-21 12:35:00+00:00,1022.9
2026-07-21 12:40:00+00:00,1020.0
2026-07-21 12:45:00+00:00,1027.3
2026-07-21 12:50:00+00:00,1023.5
2026-07-21 12:55:00+00:00,1024.2
2026-07-21 13:00:00+00:00,1031.8
2026-07-21 13:05:00+00:00,1024.8
2026-07-21 13:10:00+00:00,1028.4
2026-07-21 13:15:00+00:00,1036.1
2026-07-21 13:20:00+00:00,1033.4
2026-07-21 13:25:00+00:00,1040.1
2026-07-21 13:30:00+00:00,1032.6
2026-07-21 13:35:00+00:00,1039.0
2026-07-21 13:40:00+00:00,1031.1
2026-07-21 13:45:00+00:00,1040.3
2026-07-21 13:50:00+00:00,1019.3
2026-07-21 13:55:00+00:00,1021.5
2026-07-21 14:00:00+00:00,1003.0
2026-07-21 14:05:00+00:00,1020.6
2026-07-21 14:10:00+00:00,994.8
2026-07-21 14:15:00+00:00,1007.2
2026-07-21 14:20:00+00:00,992.0
2026-07-21 14:25:00+00:00,1003.3
2026-07-21 14:30:00+00:00,1012.1
2026-07-21 14:35:00+00:00,987.8
2026-07-21 14:40:00+00:00,1003.3
2026-07-21 14:45:00+00:00,984.1
2026-07-21 14:50:00+00:00,996.0
2026-07-21 14:55:00+00:00,988.2
2026-07-21 15:00:00+00:00,992.3
2026-07-21 15:05:00+00:00,1007.7
2026-07-21 15:10:00+00:00,997.3
2026-07-21 15:15:00+00:00,984.9
2026-07-21 15:20:00+00:00,983.4
2026-07-21 15:25:00+00:00,989.7
2026-07-21 15:30:00+00:00,995.0
2026-07-21 15:35:00+00:00,995.6
2026-07-21 15:40:00+00:00,995.5
2026-07-21 15:45:00+00:00,999.6
2026-07-21 15:50:00+00:00,1015.5
2026-07-21 15:55:00+00:00,1014.7
2026-07-21 16:00:00+00:00,1000.9
2026-07-21 16:05:00+00:00,1000.6
2026-07-21 16:10:00+00:00,0.0
2026-07-21 16:15:00+00:00,0.0
2026-07-21 16:20:00+00:00,0.0
2026-07-21 16:25:00+00:00,1013.3
2026-07-21 16:30:00+00:00,1009.2
2026-07-21 16:35:00+00:00,1019.7
2026-07-21 16:40:00+00:00,999.4
2026-07-21 16:45:00+00:00,1012.4
2026-07-21 16:50:00+00:00,1003.6
2026-07-21 16:55:00+00:00,999.6
2026-07-21 17:00:00+00:00,0.0
2026-07-21 17:05:00+00:00,0.0
2026-07-21 17:10:00+00:00,0.0
2026-07-21 17:15:00+00:00,0.0
2026-07-21 17:20:00+00:00,0.0
2026-07-21 17:25:00+00:00,996.0
2026-07-21 17:30:00+00:00,0.0
2026-07-21 17:35:00+00:00,0.0
2026-07-21 17:40:00+00:00,0.0
2026-07-21 17:45:00+00:00,0.0
2026-07-21 17:50:00+00:00,0.0
2026-07-21 17:55:00+00:00,0.0
2026-07-21 18:00:00+00:00,0.0
2026-07-21 18:05:00+00:00,0.0
2026-07-21 18:10:00+00:00,0.0
2026-07-21 18:15:00+00:00,0.0
2026-07-21 18:20:00+00:00,0.0
2026-07-21 18:25:00+00:00,0.0
2026-07-21 18:30:00+00:00,0.0
2026-07-21 18:35:00+00:00,0.0
2026-07-21 18:40:00+00:00,0.0
2026-07-21 18:45:00+00:00,0.0
2026-07-21 18:50:00+00:00,0.0
2026-07-21 18:55:00+00:00,0.0
2026-07-21 19:00:00+00:00,997.2
2026-07-21 19:05:00+00:00,0.0
2026-07-21 19:10:00+00:00,988.8
2026-07-21 19:15:00+00:00,0.0
2026-07-21 19:20:00+00:00,0.0
2026-07-21 19:25:00+00:00,0.0
2026-07-21 19:30:00+00:00,0.0
2026-07-21 19:35:00+00:00,0.0
2026-07-21 19:40:00+00:00,0.0
2026-07-21 19:45:00+00:00,0.0
2026-07-21 19:50:00+00:00,0.0
2026-07-21 19:55:00+00:00,0.0
2026-07-21 20:00:00+00:00,0.0
2026-07-21 20:05:00+00:00,0.0
2026-07-21 20:10:00+00:00,0.0
2026-07-21 20:15:00+00:00,0.0
2026-07-21 20:20:00+00:00,0.0
2026-07-21 20:25:00+00:00,0.0
2026-07-21 20:30:00+00:00,0.0
2026-07-21 20:35:00+00:00,0.0
2026-07-21 20:40:00+00:00,0.0
2026-07-21 20:45:00+00:00,0.0
2026-07-21 20:50:00+00:00,0.0
2026-07-21 20:55:00+00:00,0.0
2026-07-21 21:00:00+00:00,1000.8
2026-07-21 21:05:00+00:00,993.5
2026-07-21 21:10:00+00:00,980.0
2026-07-21 21:15:00+00:00,0.0
2026-07-21 21:20:00+00:00,0.0
2026-07-21 21:25:00+00:00,0.0
2026-07-21 21:30:00+00:00,0.0
2026-07-21 21:35:00+00:00,0.0
2026-07-21 21:40:00+00:00,0.0
2026-07-21 21:45:00+00:00,0.0
2026-07-21 21:50:00+00:00,0.0
2026-07-21 21:55:00+00:00,0.0
2026-07-21 22:00:00+00:00,0.0
2026-07-21 22:05:00+00:00,0.0
2026-07-21 22:10:00+00:00,0.0
2026-07-21 22:15:00+00:00,0.0
2026-07-21 22:20:00+00:00,0.0
2026-07-21 22:25:00+00:00,0.0
2026-07-21 22:30:00+00:00,0.0
2026-07-21 22:35:00+00:00,0.0
2026-07-21 22:40:00+00:00,1021.4
2026-07-21 22:45:00+00:00,0.0
2026-07-21 22:50:00+00:00,0.0
2026-07-21 22:55:00+00:00,1040.0
2026-07-21 23:00:00+00:00,0.0
2026-07-21 23:05:00+00:00,0.0
2026-07-21 23:10:00+00:00,1030.0
2026-07-21 23:15:00+00:00,1015.9
2026-07-21 23:20:00+00:00,1028.8
2026-07-21 23:25:00+00:00,1030.5
2026-07-21 23:30:00+00:00,1042.3
2026-07-21 23:35:00+00:00,1057.1
2026-07-21 23:40:00+00:00,1061.2
2026-07-21 23:45:00+00:00,1066.3
2026-07-21 23:50:00+00:00,1067.4
2026-07-21 23:55:00+00:00,1073.6
2026-07-22 00:00:00+00:00,933.1
2026-07-22 00:05:00+00:00,917.5
2026-07-22 00:10:00+00:00,943.9
2026-07-22 00:15:00+00:00,949.7
2026-07-22 00:20:00+00:00,925.1
2026-07-22 00:25:00+00:00,947.7
2026-07-22 00:30:00+00:00,0.0
2026-07-22 00:35:00+00:00,0.0
2026-07-22 00:40:00+00:00,0.0
2026-07-22 00:45:00+00:00,0.0
2026-07-22 00:50:00+00:00,0.0
2026-07-22 00:55:00+00:00,0.0
2026-07-22 01:00:00+00:00,948.5
2026-07-22 01:05:00+00:00,944.3
2026-07-22 01:10:00+00:00,935.6
2026-07-22 01:15:00+00:00,929.8
2026-07-22 01:20:00+00:00,937.7
